<?xml version="1.0" encoding="UTF-8"?>
<project-private xmlns="http://www.netbeans.org/ns/project-private/1">
    <editor-bookmarks xmlns="http://www.netbeans.org/ns/editor-bookmarks/2" lastBookmarkId="0"/>
    <open-files xmlns="http://www.netbeans.org/ns/projectui-open-files/2">
        <group>
            <file>file:/C:/Users/Asus/Documents/webapp/src/java/models/ClienteDAO.java</file>
            <file>file:/C:/Users/Asus/Documents/webapp/src/java/models/Cliente.java</file>
            <file>file:/C:/Users/Asus/Documents/webapp/src/java/AdminPersona.java</file>
            <file>file:/C:/Users/Asus/Documents/webapp/web/registro.jsp</file>
        </group>
    </open-files>
</project-private>
